<?xml version="1.0" encoding="UTF-8"?>
<!--

     Licensed to the Apache Software Foundation (ASF) under one
     or more contributor license agreements.  See the NOTICE file
     distributed with this work for additional information
     regarding copyright ownership.  The ASF licenses this file
     to you under the Apache License, Version 2.0 (the
     "License"); you may not use this file except in compliance
     with the License.  You may obtain a copy of the License at

       http://www.apache.org/licenses/LICENSE-2.0

     Unless required by applicable law or agreed to in writing,
     software distributed under the License is distributed on an
     "AS IS" BASIS, WITHOUT WARRANTIES OR CONDITIONS OF ANY
     KIND, either express or implied.  See the License for the
     specific language governing permissions and limitations
     under the License.
-->
<!--
   This file declares the dependency verification metadata for dependencies used by Gradle.
   When you upgrade a dependency, verification is likely to fail, so you will need to update
   it.

   If, for whatever reason, verification fails for you, DO NOT DISABLE IT but follow the
   troubleshooting guide at https://docs.gradle.org/current/userguide/dependency_verification.html

   This build uses PGP verification and SHA256 checksum verification for unsigned artifacts:

   ./gradlew -i -write-verification-metadata sha256,pgp -export-keys resolveAllDependencies

   Then check the diff, remove the unnecessary entries (for old dependencies) and make sure
   the new ones are correct. You also need to delete the verification-keyring.gpg file as we use the
   text based keyring.

   You have to update all entries that have the "Generated by Gradle" origin. The usual reasons are:
   * Artifact is not signed
   * Needed because PGP signature verification failed!
   * Key couldn't be downloaded

   You should then edit the origin to be "Verified". Note that editing those entries means you
   verified that the checksum matches.

   If the generation above did not resolve your issue, a task might be missing that exercise the
   dependency but is not covered by the current resolveAllDependencies. Edit the task definition to
   add the required task dependency.

   Gradle *cannot* automatically determine that an entry in this file is outdated and no longer
   required. As such, try to remove older entries when you upgrade dependencies.

   Do not remove this header. If this header is removed it means the pull request hasn't
   been reviewed properly.
   Also, there should not be any "Generated by Gradle" origins left.
-->
<verification-metadata xmlns="https://schema.gradle.org/dependency-verification" xmlns:xsi="http://www.w3.org/2001/XMLSchema-instance" xsi:schemaLocation="https://schema.gradle.org/dependency-verification https://schema.gradle.org/dependency-verification/dependency-verification-1.2.xsd">
   <configuration>
      <verify-metadata>false</verify-metadata>
      <verify-signatures>true</verify-signatures>
      <key-servers enabled="false"/>
      <trusted-artifacts>
         <trust group="gradle" name="gradle"/>
         <trust file=".*-javadoc[.]jar" regex="true"/>
         <trust file=".*-sources[.]jar" regex="true"/>
      </trusted-artifacts>
      <ignored-keys>
         <ignored-key id="74dafdfd6dae2441" reason="Key couldn't be downloaded from any key server"/>
      </ignored-keys>
      <trusted-keys>
         <trusted-key id="019082bc00e0324e2aef4cf00d3b328562a119a7" group="org.openjdk.jmh"/>
         <trusted-key id="04543577d6a9cc626239c50c7ecbd740ff06aeb5">
            <trusting group="com.sun.xml.bind"/>
            <trusting group="org.glassfish.jaxb"/>
            <trusting group="^com[.]sun($|([.].*))" regex="true"/>
         </trusted-key>
         <trusted-key id="06d34ed6ff73de368a772a781063fe98bcecb758" group="com.puppycrawl.tools" name="checkstyle"/>
         <trusted-key id="0785b3eff60b1b1bea94e0bb7c25280eae63ebe5" group="org.apache.httpcomponents"/>
         <trusted-key id="07dbc3c1ab1f4468471656061c8d5ef0df2b70d4" group="cglib"/>
         <trusted-key id="07e20f0103d9dfc697c490d0368557390486f2c5" group="org.awaitility"/>
         <trusted-key id="08f0aab4d0c1a4bdde340765b341ddb020fcb6ab" group="org.bouncycastle"/>
         <trusted-key id="0a123c1ed3f13a6a0140e166c71fb765cd9de313" group="org.apache.ant"/>
         <trusted-key id="0cb5871fb7bf3b351614bbf6ca85ffe638d4407a" group="it.unimi.dsi" name="fastutil"/>
         <trusted-key id="0e18eae07b7774eac5db3f2113bb90ce8eafbe37" group="com.microsoft.playwright"/>
         <trusted-key id="120d6f34e627ed3a772ebbfe55c7e5e701832382" group="org.yaml" name="snakeyaml"/>
         <trusted-key id="160a7a9cf46221a56b06ad64461a804f2609fd89" group="^com[.]github[.]shyiko($|([.].*))" regex="true"/>
         <trusted-key id="1616273079fe63e31c938f10f0df21d1d0a3c384" group="com.google.inject" name="guice" version="4.2.3"/>
         <trusted-key id="19beab2d799c020f17c69126b16698a4adf4d638" group="org.checkerframework" name="checker-qual"/>
         <trusted-key id="1fa37fbe4453c1073e7ef61d6449005f96bc97a3" group="de.undercouch"/>
         <trusted-key id="1fa868a348719e88b6d0de24c03ef1d7d692bcff" group="org.scala-lang"/>
         <trusted-key id="21f0942275ea159a501d375328852008a47bb995" group="^com[.]google($|([.].*))" regex="true"/>
         <trusted-key id="253e8e4c6fb28d11748115c1249dee8e2c07a0a2" group="com.github.javaparser" name="javaparser-core"/>
         <trusted-key id="28118c070cb22a0175a2e8d43d12ca2ac19f3181">
            <trusting group="com.fasterxml.jackson.core"/>
            <trusting group="^com[.]fasterxml[.]jackson($|([.].*))" regex="true"/>
         </trusted-key>
         <trusted-key id="2bcbdd0f23ea1cafcc11d4860374cf2e8dd1bdfd" group="org.sonatype.plexus"/>
         <trusted-key id="2be67ac00d699e04e840b7fe29967e804d85663f">
            <trusting group="com.eed3si9n" name="shaded-scalajson_2.13"/>
            <trusting group="org.scala-sbt"/>
         </trusted-key>
         <trusted-key id="2db4f1ef0fa761ecc4ea935c86fdc7e2a11262cb">
            <trusting group="commons-codec"/>
            <trusting group="commons-io"/>
            <trusting group="org.apache.commons"/>
            <trusting group="xml-apis"/>
         </trusted-key>
         <trusted-key id="314fe82e5a4c5377bca2edec5208812e1e4a6db0">
            <trusting group="com.gradle"/>
            <trusting group="com.gradle" name="gradle-enterprise-gradle-plugin"/>
            <trusting group="net.rubygrapefruit"/>
            <trusting group="org.gradle"/>
            <trusting group="org.gradle.exemplar"/>
            <trusting group="org.gradle.profiler"/>
            <trusting group="^com[.]gradle($|([.].*))" regex="true"/>
            <trusting group="^org[.]gradle($|([.].*))" regex="true"/>
         </trusted-key>
         <trusted-key id="31fae244a81d64507b47182e1b2718089ce964b8" group="com.thoughtworks.qdox"/>
         <trusted-key id="34441e504a937f43eb0daef96a65176a0fb1cd0b">
            <trusting group="org.apache.groovy"/>
            <trusting group="org.apache.groovy" name="groovy"/>
            <trusting group="org.codehaus.groovy"/>
            <trusting group="org.codehaus.groovy" name="groovy"/>
         </trusted-key>
         <trusted-key id="34d6ff19930adf43ac127792a50569c7ca7fa1f0" group="com.jcraft"/>
         <trusted-key id="36390de6a0e61ee4c7b4ba02c1d3063467f1ebd1" group="org.asciidoctor"/>
         <trusted-key id="3872ed7d5904493d23d78fa2c4c8cb73b1435348" group="^com[.]android[.]tools($|([.].*))" regex="true"/>
         <trusted-key id="3cac6e7dc43343ff75ecbac27e6eb7bb6a7712dc" group="net.sourceforge.nekohtml" name="nekohtml"/>
         <trusted-key id="4008f9dff7dbc968f35f9e712642156411cce8b3" group="com.vladsch.flexmark"/>
         <trusted-key id="416952b945b78a34c6c7678562ebfc78fe4156d1" group="org.jruby"/>
         <trusted-key id="47063e8ba7a6450e4a52e7ae466caed6e0747d50">
            <trusting group="net.java.dev.jna"/>
            <trusting group="org.codehaus.plexus"/>
         </trusted-key>
         <trusted-key id="47504b76cf89c15c0512d9afe16ab52d79fd224f" group="^com[.]google($|([.].*))" regex="true"/>
         <trusted-key id="475f3b8e59e6e63aa78067482c7b12f2a511e325">
            <trusting group="ch.qos.logback"/>
            <trusting group="org.slf4j"/>
            <trusting group="org.slf4j" name="slf4j-api"/>
         </trusted-key>
         <trusted-key id="4db1a49729b053caf015cee9a6adfc93ef34893e" group="org.hamcrest"/>
         <trusted-key id="4f7e32d440ef90a83011a8fc6425559c47cc79c4">
            <trusting group="com.sun.mail"/>
            <trusting group="javax.activation"/>
            <trusting group="javax.annotation"/>
            <trusting group="javax.servlet"/>
            <trusting group="org.glassfish"/>
         </trusted-key>
         <trusted-key id="517b94f8d0a46317a28d8ab30da8a5ec02d11ead" group="net.sf.jopt-simple" name="jopt-simple"/>
         <trusted-key id="51b52dc5dd452f92be342cc2858fc4c4f43856a3" group="xerces" name="xercesImpl"/>
         <trusted-key id="522ca055b326a636d833ef6a0551fd3684fcbbb7" group="org.apache.maven.resolver"/>
         <trusted-key id="53c935821aa6a755bd337db53595395eb3d8e1ba" group="org.apache.logging.log4j"/>
         <trusted-key id="55e770230e69cc6de143fb5b62c82e50836eb3ee" group="com.github.gundy" name="semver4j"/>
         <trusted-key id="5989baf76217b843d66be55b2d0e1fb8fe4b68b4" group="org.eclipse.jetty"/>
         <trusted-key id="59b06224fd8912e36603be79fefe78456eddc34a" group="io.mockk"/>
         <trusted-key id="5b7f3605a8ce471a9ca8db7ec84125c13bf6f2f2" group="^org[.]ajoberstar($|([.].*))" regex="true"/>
         <trusted-key id="5ce325996a35213326ae2c68912d2c0eccda55c0" group="com.google.errorprone" name="error_prone_annotations"/>
         <trusted-key id="5de533cb43daf8bc3e372283e7ae839cd7c58886" group="org.eclipse.jetty"/>
         <trusted-key id="5f55943e13d49059d3f342777186b06e1ed139e7" group="org.apache.lucene"/>
         <trusted-key id="600ea202b1ec682f4a788e5aac7a514bc9f9bb70" group="io.opencensus"/>
         <trusted-key id="60c6700e08f02b9eb6f4a46745145f826cf4bf98" group="com.googlecode.plist" name="dd-plist"/>
         <trusted-key id="666a4692ce11b7b3f4eb7b3410066a9707090cf9" group="org.javassist" name="javassist"/>
         <trusted-key id="66ca61ea0fc7e9ea1216f83396b88eacd463b90b" group="com.diffplug.spotless"/>
         <trusted-key id="694621a7227d8d5289699830abe9f3126bb741c1">
            <trusting group="com.google.guava"/>
            <trusting group="^com[.]google($|([.].*))" regex="true"/>
         </trusted-key>
         <trusted-key id="6a27b2f30f3db8bf86d519f7ec5bce97b4defa96" group="^com[.]esotericsoftware($|([.].*))" regex="true"/>
         <trusted-key id="6f538074ccebf35f28af9b066a0975f8b1127b83" group="org.jetbrains.kotlin"/>
         <trusted-key id="6fca825c6e85fcb4df9a96b27a3c11434ec6434e" group="^com[.]trueaccord($|([.].*))" regex="true"/>
         <trusted-key id="70cd19bfd9f6c330027d6f260315bfb7970a144f" group="com.sun.xml.bind"/>
         <trusted-key id="7616eb882daf57a11477aaf559a252fb1199d873" group="com.google.code.findbugs"/>
         <trusted-key id="76e94e8ff0ab5af3b6f8366972fefd1572eb75e1" group="org.spockframework"/>
         <trusted-key id="7c669810892cbd3148fa92995b05ccde140c2876" group="org.eclipse.jgit" name="org.eclipse.jgit"/>
         <trusted-key id="7faa0f2206de228f0db01ad741321490758aad6f" group="org.codehaus.groovy"/>
         <trusted-key id="829d279ba9a3c503eb98a0e53c48f45a0e97af7e" group="org.gebish"/>
         <trusted-key id="8446b9e902a3f3ddee711fdb8e26ff248bc7aead">
            <trusting group="com.github.jnr"/>
            <trusting group="com.headius"/>
            <trusting group="org.jruby.joni"/>
         </trusted-key>
         <trusted-key id="851264c36365d4ff9427625f38362fd5cfa2668b">
            <trusting group="org.codenarc"/>
            <trusting group="org.gmetrics"/>
         </trusted-key>
         <trusted-key id="8756c4f765c9ac3cb6b85d62379ce192d401ab61">
            <trusting group="com.diffplug.durian"/>
            <trusting group="com.github.javaparser"/>
            <trusting group="info.picocli"/>
            <trusting group="io.github.http-builder-ng"/>
            <trusting group="org.testcontainers"/>
            <trusting group="^com[.]diffplug($|([.].*))" regex="true"/>
            <trusting group="^org[.]jetbrains($|([.].*))" regex="true"/>
            <trusting group="^org[.]rnorth($|([.].*))" regex="true"/>
         </trusted-key>
         <trusted-key id="8a10792983023d5d14c93b488d7f1bec1e2ecae7" group="^com[.]fasterxml($|([.].*))" regex="true"/>
         <trusted-key id="8c03da5873b13e40c8c0dce46a7ae74683a8ae1a" group="net.sourceforge.htmlunit"/>
         <trusted-key id="8da70c00df7af1b0d2f9dc74ddbcc1270a29d081" group="org.apache.ant"/>
         <trusted-key id="98465301a4939c0279f2e847d89d05374952262b" group="org.jetbrains.dokka"/>
         <trusted-key id="9857c388d7d1d9d031274cd0a5def5a76f94a471" group="com.github.spotbugs"/>
         <trusted-key id="9e84765a7aa3e3d3d5598a408e3f0de7ae354651" group="^com[.]squareup($|([.].*))" regex="true"/>
         <trusted-key id="a2570288e10932263e8326cbaa49c633b4734832">
            <trusting group="com.pinterest" name="ktlint"/>
            <trusting group="com.pinterest.ktlint"/>
            <trusting group="^com[.]pinterest($|([.].*))" regex="true"/>
         </trusted-key>
         <trusted-key id="a413f67d71beec23add0ce0acb43338e060cf9fa">
            <trusting group="org.jacoco"/>
            <trusting group="org.openjdk.jol"/>
         </trusted-key>
         <trusted-key id="a4a9406876fcbd3c456770c88c718d3b5072e1f5" group="mysql"/>
         <trusted-key id="a55830120aed177e1aa4f66a431b8f80403a7dc1" group="com.github.javaparser"/>
         <trusted-key id="a5bd02b93e7a40482eb1d66a5f69ad087600b22c" group="org.ow2.asm"/>
         <trusted-key id="a602970fe1bf5c9c8a9491b97a3c9fe21dfdbf44" group="org.apache.pdfbox"/>
         <trusted-key id="a6d6c97108b8585f91b158748671a8df71296252">
            <trusting group="com.squareup.okhttp3"/>
            <trusting group="^com[.]squareup($|([.].*))" regex="true"/>
         </trusted-key>
         <trusted-key id="a7892505cf1a58076453e52d7999befba1039e8b" group="net.bytebuddy"/>
         <trusted-key id="acf39ccded38e2c6f0898bf28f7f6c0451967b84" group="org.scala-lang"/>
         <trusted-key id="adbc987d1a7b91db6b0aaa81995efbf4a3d20beb" group="^com[.]pinterest($|([.].*))" regex="true"/>
         <trusted-key id="b02137d875d833d9b23392ecae5a7fb608a0221c">
            <trusting group="com.thoughtworks.qdox"/>
            <trusting group="org.codehaus.plexus"/>
            <trusting group="^org[.]apache[.]maven($|([.].*))" regex="true"/>
         </trusted-key>
         <trusted-key id="b02335aa54ccf21e52bbf9abd9c565aa72ba2fdd" group="io.grpc" name="grpc-context"/>
         <trusted-key id="b41089a2da79b0fa5810252872385ff0af338d52" group="joda-time" name="joda-time"/>
         <trusted-key id="b6e73d84ea4fcc47166087253faad2cd5ecbb314" group="org.apache.commons" name="commons-lang3"/>
         <trusted-key id="b801e2f8ef035068ec1139cc29579f18fa8fd93b" group="com.google.j2objc" name="j2objc-annotations"/>
         <trusted-key id="b8d44699d150aad887fdcf8bd6131c504debcc09" group="com.kohlschutter.junixsocket"/>
         <trusted-key id="ba926f64ca647b6d853a38672e2010f8a7ff4a41">
            <trusting group="org.codehaus.plexus"/>
            <trusting group="org.sonatype.aether"/>
         </trusted-key>
         <trusted-key id="bae5c184e3b70cb15617700598fe03a974ce0a0b" group="org.jetbrains.kotlin"/>
         <trusted-key id="bd95a93175bfe816fc152de5f9fd57a03b80305d" group="com.lihaoyi"/>
         <trusted-key id="bdb5fa4fe719d787fb3d3197f6d4a1d411e9d1ae" group="com.google.guava"/>
         <trusted-key id="c0822d185fbfd963c33acbfea318a06284d602d5" group="com.tngtech.archunit"/>
         <trusted-key id="c7be5bcc9fec15518cfda882b0f3710fa64900e7">
            <trusting group="com.google.code.gson" name="gson"/>
            <trusting group="^com[.]google[.]auto($|([.].*))" regex="true"/>
         </trusted-key>
         <trusted-key id="c9a503282182ec4ecdb914ea102e05d8da6c286d" group="com.sun.xml.bind"/>
         <trusted-key id="cacfbd4755a2fc78709bdd92be096e29edb8d141" group="net.sf.proguard"/>
         <trusted-key id="cc4483cd6a3eb2939b948667a1b4460d8ba7b9af" group="org.mockito" name="mockito-core"/>
         <trusted-key id="cd5464315f0b98c77e6e8ecd9daadc1c9fcc82d0">
            <trusting group="commons-cli"/>
            <trusting group="commons-io"/>
            <trusting group="org.apache.commons"/>
         </trusted-key>
         <trusted-key id="ce8075a251547bee249bc151a2115ae15f6b8b72">
            <trusting group="org.apache.ant"/>
            <trusting group="org.apache.commons"/>
            <trusting group="xmlunit"/>
            <trusting group="^org[.]apache($|([.].*))" regex="true"/>
         </trusted-key>
         <trusted-key id="cf17e92c9ffa55316b5db83901d734ee5ee9c3f8" group="org.eclipse.sisu"/>
         <trusted-key id="cf4b3a3f53bef9a2ce2cbfb895962c5e716c39aa" group="com.autonomousapps"/>
         <trusted-key id="d40633bfd9fdb773c896e9025dfb46c505b694fe" group="com.github.bbottema"/>
         <trusted-key id="d54a395b5cf3f86eb45f6e426b1b008864323b92">
            <trusting group="org.antlr"/>
            <trusting group="org.antlr" name="antlr4-runtime"/>
         </trusted-key>
         <trusted-key id="d9aa7402ba75f78720d975211d185615d0a84648" group="net.sf.saxon" name="Saxon-HE"/>
         <trusted-key id="db467d22a2666d061fdd120db5bd4591883d638c" group="com.tngtech.archunit"/>
         <trusted-key id="dc98224c6421a7a5bb87f346ed2378cd09a08cde" group="org.jline"/>
         <trusted-key id="dddee87612e9fb95f5c8d91e411063a3a0ffd119">
            <trusting group="commons-beanutils"/>
            <trusting group="org.apache-extras.beanshell"/>
         </trusted-key>
         <trusted-key id="df49fa14952e59a7b21931ec8edf2667d0ecffaf" group="io.mockk"/>
         <trusted-key id="e62231331bca7e1f292c9b88c1b12a5d99c0729d" group="org.jetbrains"/>
         <trusted-key id="e77417ac194160a3fabd04969a259c7ee636c5ed">
            <trusting group="com.google.errorprone" name="error_prone_annotations"/>
            <trusting group="^com[.]google($|([.].*))" regex="true"/>
         </trusted-key>
         <trusted-key id="e7dc75fc24fb3c8dfe8086ad3d5839a2262cbbfb" group="org.jetbrains.kotlinx"/>
         <trusted-key id="e85aed155021af8a6c6b7a4a7c7d8456294423ba" group="org.objenesis" name="objenesis"/>
         <trusted-key id="e870fb6be4ba46c81520fd6936b9cf3beb52d771" group="com.openhtmltopdf"/>
         <trusted-key id="ea23db1360d9029481e7f2efecdfea3cb4493b94" group="org.apache.sshd"/>
         <trusted-key id="ea313384ca0eba950ea017e937890e298d9a2bfa">
            <trusting group="com.eed3si9n"/>
            <trusting group="org.scala-sbt"/>
            <trusting group="org.scala-sbt.jline"/>
         </trusted-key>
         <trusted-key id="ec9430d24e1fc30468c773fdca1952b1e682d8a6" group="org.jodd"/>
         <trusted-key id="f254b35617dc255d9344bcfa873a8e86b4372146">
            <trusting group="^org[.]apache[.]maven($|([.].*))" regex="true"/>
            <trusting group="^org[.]codehaus($|([.].*))" regex="true"/>
         </trusted-key>
         <trusted-key id="f3184bcd55f4d016e30d4c9bf42e87f9665015c9" group="org.jsoup" name="jsoup"/>
         <trusted-key id="f3a90e6b10e809f851ab4fc54cc08e7f47c3ec76" group="com.zaxxer" name="HikariCP"/>
         <trusted-key id="f42b96b8648b5c4a1c43a62fbb2914c1fa0811c3" group="net.bytebuddy"/>
         <trusted-key id="fa77dcfef2ee6eb2debedd2c012579464d01c06a" group="org.codehaus.plexus"/>
         <trusted-key id="fa7929f83ad44c4590f6cc6815c71c0a4e0b8edd" group="net.java.dev.jna"/>
         <trusted-key id="fb11d4bb7b244678337aad8bc7bf26d0bb617866">
            <trusting group="org.apache.maven"/>
            <trusting group="org.eclipse.aether"/>
         </trusted-key>
         <trusted-key id="fc411cd3cb7dcb0abc9801058118b3bcdb1a5000" group="jakarta.xml.bind" name="jakarta.xml.bind-api"/>
         <trusted-key id="fe72f1bfe9632b1fe049ac3e5bcd80b78acd3a37" group="org.openjdk.jmc"/>
         <trusted-key id="feb9209f2f2f3f4664841e55ac107b386692dadd" group="com.amazonaws"/>
         <trusted-key id="ff6e2c001948c5f2f38b0cc385911f425ec61b51">
            <trusting group="junit"/>
            <trusting group="org.apiguardian"/>
            <trusting group="org.junit.jupiter"/>
            <trusting group="org.junit.platform"/>
            <trusting group="org.junit.vintage"/>
            <trusting group="org.opentest4j"/>
            <trusting group="^org[.]junit($|([.].*))" regex="true"/>
         </trusted-key>
         <trusted-key id="ff986d345395d4ad1dc48137bb6fd5ad91d01857" group="org.seleniumhq.selenium"/>
      </trusted-keys>
   </configuration>
   <components>
      <component group="android-studio" name="android-studio" version="2022.3.1.8">
         <artifact name="android-studio-2022.1.1.12.mac.zip">
            <sha256 value="e9e154f7d5714f2f46463646dc7fa15b8dcb6f4c79bb87c8295ab7aa3eb6b0a4" origin="Generated by Gradle" reason="Artifact is not signed"/>
         </artifact>
         <artifact name="android-studio-2022.3.1.8.linux.tar.gz">
            <sha256 value="3face014d1862064e18fb5490854e64f66f9e16a512c8b52476481b21611cee4" origin="Verified" reason="Artifact is not signed"/>
         </artifact>
         <artifact name="android-studio-2022.3.1.8.mac.zip">
            <sha256 value="3e57fd3d71cf7c1369ccb8eed7e8955fa1413fcae4ffa71813456b7c6fd0dcb3" origin="Verified" reason="Artifact is not signed"/>
         </artifact>
         <artifact name="android-studio-2022.3.1.8.mac_arm.zip">
            <sha256 value="a32c50e7b1aad29cf1ebfef50dfbb1ce5847ca9cf1a45c6a13b9763b76e66293" origin="Verified" reason="Artifact is not signed"/>
         </artifact>
         <artifact name="android-studio-2022.3.1.8.windows.zip">
            <sha256 value="c44e13ea1f3b09c9d3d0a1763435dc59129ff2c8518a943c256ce9fde1473896" origin="Verified" reason="Artifact is not signed"/>
         </artifact>
      </component>
      <component group="antlr" name="antlr" version="2.7.7">
         <artifact name="antlr-2.7.7.jar">
            <sha256 value="88fbda4b912596b9f56e8e12e580cc954bacfb51776ecfddd3e18fc1cf56dc4c" origin="Verified" reason="Artifact is not signed"/>
         </artifact>
      </component>
      <component group="aopalliance" name="aopalliance" version="1.0">
         <artifact name="aopalliance-1.0.jar">
            <sha256 value="0addec670fedcd3f113c5c8091d783280d23f75e3acb841b61a9cdb079376a08" origin="Verified" reason="Artifact is not signed"/>
         </artifact>
      </component>
      <component group="cglib" name="cglib-nodep" version="2.1_3">
         <artifact name="cglib-nodep-2.1_3.jar">
            <sha256 value="e77f0b091a800acd15217bbc3c3629c1af0925b55b271fc5d0586422985639bb" origin="Verified" reason="Artifact is not signed"/>
         </artifact>
      </component>
      <component group="com.andreapivetta.kolor" name="kolor" version="0.0.2">
         <artifact name="kolor-0.0.2.jar">
            <sha256 value="ec3b40d491ffad244c63a10d54e431d8b87ed97a749869b266f6e794f40547c2"/>
         </artifact>
      </component>
      <component group="com.android.databinding" name="baseLibrary" version="3.0.0">
         <artifact name="baseLibrary-3.0.0.jar">
            <sha256 value="2e1f9788cd636f9d0d761bb98552866d81fe30f249943026ce2cbc4fab9048a2" reason="Artifact is not signed"/>
         </artifact>
      </component>
      <component group="com.android.databinding" name="compilerCommon" version="3.0.0">
         <artifact name="compilerCommon-3.0.0.jar">
            <sha256 value="e3ddd69b83f790f5238447af3401b0cba58d7a050ad6708ee217922c11d6fbae" reason="Artifact is not signed"/>
         </artifact>
      </component>
      <component group="com.android.tools" name="annotations" version="26.0.0">
         <artifact name="annotations-26.0.0.jar">
            <sha256 value="33ce43b086a2302c218bb5ed7e3801457484e6139112052d83b1297c80aed847" reason="Artifact is not signed"/>
         </artifact>
      </component>
      <component group="com.android.tools" name="common" version="26.0.0">
         <artifact name="common-26.0.0.jar">
            <sha256 value="28565a3704f70d3fe46ad7ecc8f286d329477c79b2ec1d46724679e73db2011c" reason="Artifact is not signed"/>
         </artifact>
      </component>
      <component group="com.android.tools" name="dvlib" version="26.0.0">
         <artifact name="dvlib-26.0.0.jar">
            <sha256 value="f518445fc8a2defc443aac1c53ca60d07cd991a20063c275a322f1668acd67c4" reason="Artifact is not signed"/>
         </artifact>
      </component>
      <component group="com.android.tools" name="repository" version="26.0.0">
         <artifact name="repository-26.0.0.jar">
            <sha256 value="d808bba7658fc4b6ddd720b4758bda51fb02ad94d21f237f3394dbb534ed0215" reason="Artifact is not signed"/>
         </artifact>
      </component>
      <component group="com.android.tools" name="sdk-common" version="26.0.0">
         <artifact name="sdk-common-26.0.0.jar">
            <sha256 value="c72c9b3e1f33fc64b209a5a23b0592eb0451291181d76f05d00379e4845d63b8" reason="Artifact is not signed"/>
         </artifact>
      </component>
      <component group="com.android.tools" name="sdklib" version="26.0.0">
         <artifact name="sdklib-26.0.0.jar">
            <sha256 value="9bc30fe51d376a9b055ea9f27850139b9753a1a2621b269219d7d6e0ff17d0cb" reason="Artifact is not signed"/>
         </artifact>
      </component>
      <component group="com.android.tools.analytics-library" name="protos" version="26.0.0">
         <artifact name="protos-26.0.0.jar">
            <sha256 value="4232ebd5e832ef8be679ee32e54d595d735f96e6b2998813d815e9e76390adb0" reason="Artifact is not signed"/>
         </artifact>
      </component>
      <component group="com.android.tools.analytics-library" name="shared" version="26.0.0">
         <artifact name="shared-26.0.0.jar">
            <sha256 value="89294024138c6687863671f3c4ad14e9f2cd40f6f670d89c10f5923a05ca7744" reason="Artifact is not signed"/>
         </artifact>
      </component>
      <component group="com.android.tools.analytics-library" name="tracker" version="26.0.0">
         <artifact name="tracker-26.0.0.jar">
            <sha256 value="a6264267bc97bd4c99d97977209454d87235680518797a1e385b41a209ab2fb2" reason="Artifact is not signed"/>
         </artifact>
      </component>
      <component group="com.android.tools.build" name="apksig" version="3.0.0">
         <artifact name="apksig-3.0.0.jar">
            <sha256 value="787c8ca3f0e7c4ae13a0456ff2f39bdd0848a5ca4b8b2c32ac208ed58b434c86" reason="Artifact is not signed"/>
         </artifact>
      </component>
      <component group="com.android.tools.build" name="builder" version="3.0.0">
         <artifact name="builder-3.0.0.jar">
            <sha256 value="16206445fddc63504820177c4fcc2a4a938e73764d668350d824bf5876cffc1e" reason="Artifact is not signed"/>
         </artifact>
      </component>
      <component group="com.android.tools.build" name="builder-model" version="3.0.0">
         <artifact name="builder-model-3.0.0.jar">
            <sha256 value="37a17328078c3380422c9a5c75c7e6730f40f63760815b7797a3ad6a271231ba" reason="Artifact is not signed"/>
         </artifact>
      </component>
      <component group="com.android.tools.build" name="builder-test-api" version="3.0.0">
         <artifact name="builder-test-api-3.0.0.jar">
            <sha256 value="ebdb36756ff29640e909c51916b68b93752153a1985f71fd8eac7930305354cd" reason="Artifact is not signed"/>
         </artifact>
      </component>
      <component group="com.android.tools.build" name="gradle" version="3.0.0">
         <artifact name="gradle-3.0.0.jar">
            <sha256 value="ab22fcbc1c2e65879b6ca945b5454e57ed206cf8e5a13c1d3f3dbf5c30ef3b02" reason="Artifact is not signed"/>
         </artifact>
      </component>
      <component group="com.android.tools.build" name="gradle-api" version="3.0.0">
         <artifact name="gradle-api-3.0.0.jar">
            <sha256 value="44f016c36366969c199fa6e3e14a1bed7a49a6076908354512383b17b1e954b3" reason="Artifact is not signed"/>
         </artifact>
      </component>
      <component group="com.android.tools.build" name="gradle-core" version="3.0.0">
         <artifact name="gradle-core-3.0.0.jar">
            <sha256 value="57747406178ed04007e0ed464e9a3757fefc9eb63d7c1859de10f9b8d580defc" reason="Artifact is not signed"/>
         </artifact>
      </component>
      <component group="com.android.tools.build" name="manifest-merger" version="26.0.0">
         <artifact name="manifest-merger-26.0.0.jar">
            <sha256 value="c9d5760c634e288528136702100c031acb08d4d6d04587863216b51d74897509" reason="Artifact is not signed"/>
         </artifact>
      </component>
      <component group="com.android.tools.build" name="transform-api" version="2.0.0-deprecated-use-gradle-api">
         <artifact name="transform-api-2.0.0-deprecated-use-gradle-api.jar">
            <sha256 value="4de4a3d05e1c534c2db9e4588bf34082bb2bd232d8abb9727c430290ce225740" reason="Artifact is not signed"/>
         </artifact>
      </component>
      <component group="com.android.tools.ddms" name="ddmlib" version="26.0.0">
         <artifact name="ddmlib-26.0.0.jar">
            <sha256 value="059fab3a68f8bd121b19ed94d1f65e946b3da909e4fb9cf3398bb2491f9a55a3" reason="Artifact is not signed"/>
         </artifact>
      </component>
      <component group="com.android.tools.external.com-intellij" name="intellij-core" version="26.0.0">
         <artifact name="intellij-core-26.0.0.jar">
            <sha256 value="8ca48058cddc85f7711a68d0c5bf78a9efe98a3589cb5454e2285510e1e85efb" reason="Artifact is not signed"/>
         </artifact>
      </component>
      <component group="com.android.tools.external.org-jetbrains" name="uast" version="26.0.0">
         <artifact name="uast-26.0.0.jar">
            <sha256 value="fb41e9d1ab00acd01423c7cbe9a04a0a339271a739a12165af11060cb7754b72" reason="Artifact is not signed"/>
         </artifact>
      </component>
      <component group="com.android.tools.layoutlib" name="layoutlib-api" version="26.0.0">
         <artifact name="layoutlib-api-26.0.0.jar">
            <sha256 value="2d0e9e0f7f4dfe22f12f84a8f0c4764c43bb8de69ecffcbc3deda29037dedd2b" reason="Artifact is not signed"/>
         </artifact>
      </component>
      <component group="com.android.tools.lint" name="lint" version="26.0.0">
         <artifact name="lint-26.0.0.jar">
            <sha256 value="949a972800e353f51bc9c18410a029ed2b8176639ca307cc0d5c93f36e81dc1f" reason="Artifact is not signed"/>
         </artifact>
      </component>
      <component group="com.android.tools.lint" name="lint-api" version="26.0.0">
         <artifact name="lint-api-26.0.0.jar">
            <sha256 value="34eaad7db45b3fa6f817daa8c0c74e8c91a80d849b735b231a5fb31c0777c27b" reason="Artifact is not signed"/>
         </artifact>
      </component>
      <component group="com.android.tools.lint" name="lint-checks" version="26.0.0">
         <artifact name="lint-checks-26.0.0.jar">
            <sha256 value="a0752e3164203444f77f08662e34267320f9435e76de41864a3e8a8e4781043f" reason="Artifact is not signed"/>
         </artifact>
      </component>
      <component group="com.beust" name="jcommander" version="1.35">
         <artifact name="jcommander-1.35.jar">
            <pgp value="f60db6893ab3825459528eadcc54b93c018511a4"/>
         </artifact>
      </component>
      <component group="com.beust" name="jcommander" version="1.72">
         <artifact name="jcommander-1.72.jar">
            <pgp value="67497e9d680ce8e95bd6b8f85ad66315fc018797"/>
         </artifact>
      </component>
      <component group="com.beust" name="jcommander" version="1.78">
         <artifact name="jcommander-1.78.jar">
            <pgp value="c70b844f002f21f6d2b9c87522e44ac0622b91c3"/>
            <pgp value="dcba03381ef6c89096acd985ac5ec74981f9cda6"/>
         </artifact>
      </component>
      <component group="com.burgstaller" name="okhttp-digest" version="1.10">
         <artifact name="okhttp-digest-1.10.jar">
            <sha256 value="be46341a814e786c14c5d0e6cf5d470e55fff468b99509437c4014d8b2a20ce4" reason="Artifact is not signed"/>
         </artifact>
      </component>
      <component group="com.github.bbottema" name="java-socks-proxy-server" version="2.0.0">
         <artifact name="java-socks-proxy-server-2.0.0.jar">
            <pgp value="d40633bfd9fdb773c896e9025dfb46c505b694fe"/>
         </artifact>
      </component>
      <component group="com.github.ben-manes.caffeine" name="caffeine" version="2.8.5">
         <artifact name="caffeine-2.8.5.jar">
            <pgp value="635ee627345f3c1dd422b2e207d3516820bcf6b1"/>
         </artifact>
      </component>
      <component group="com.github.javaparser" name="javaparser-core" version="3.24.9">
         <artifact name="javaparser-core-3.24.9.jar">
            <pgp value="fc2c31fc25fede4e7ad0d18c2bfd7825a8984fbe"/>
         </artifact>
      </component>
      <component group="com.github.javaparser" name="javaparser-core" version="3.25.1">
         <artifact name="javaparser-core-3.25.1.jar">
            <pgp value="fc2c31fc25fede4e7ad0d18c2bfd7825a8984fbe"/>
         </artifact>
      </component>
      <component group="com.github.siom79.japicmp" name="japicmp" version="0.15.7">
         <artifact name="japicmp-0.15.7.jar">
            <pgp value="fffd810fffde203d5fa27263beabcfbee059e4e5"/>
         </artifact>
      </component>
      <component group="com.google.apis" name="google-api-services-storage" version="v1-rev171-1.25.0">
         <artifact name="google-api-services-storage-v1-rev171-1.25.0.jar">
            <pgp value="47504b76cf89c15c0512d9afe16ab52d79fd224f"/>
         </artifact>
      </component>
      <component group="com.google.code.gson" name="gson" version="2.8.6">
         <artifact name="gson-2.8.6.jar">
            <pgp value="afcc4c7594d09e2182c60e0f7a01b0f236e5430f"/>
         </artifact>
      </component>
      <component group="com.google.code.gson" name="gson" version="2.8.9">
         <artifact name="gson-2.8.9.jar">
            <pgp value="c7be5bcc9fec15518cfda882b0f3710fa64900e7"/>
            <ignored-keys>
               <ignored-key id="b0f3710fa64900e7" reason="PGP verification failed"/>
            </ignored-keys>
            <sha256 value="d3999291855de495c94c743761b8ab5176cfeabe281a5ab0d8e8d45326fd703e" origin="Needed because PGP signature verification failed!"/>
         </artifact>
      </component>
      <component group="com.google.errorprone" name="error_prone_annotations" version="2.1.3">
         <artifact name="error_prone_annotations-2.1.3.jar">
            <pgp value="f05e5f90e43e837f9dd8c781bf935c771a8474f8"/>
         </artifact>
      </component>
      <component group="com.google.errorprone" name="error_prone_annotations" version="2.3.4">
         <artifact name="error_prone_annotations-2.3.4.jar">
            <pgp value="7615ad56144df2376f49d98b1669c4bb543e0445"/>
         </artifact>
      </component>
      <component group="com.google.guava" name="guava-jdk5" version="14.0.1">
         <artifact name="guava-jdk5-14.0.1.jar">
            <pgp value="ac6a8bc1ba5426f13d93060e806e7d417a281864"/>
         </artifact>
      </component>
      <component group="com.google.j2objc" name="j2objc-annotations" version="1.1">
         <artifact name="j2objc-annotations-1.1.jar">
            <pgp value="b801e2f8ef035068ec1139cc29579f18fa8fd93b"/>
            <ignored-keys>
               <ignored-key id="29579f18fa8fd93b" reason="Artifact has been overwritten on Maven Central"/>
            </ignored-keys>
            <sha256 value="2994a7eb78f2710bd3d3bfb639b2c94e219cedac0d4d084d516e78c16dddecf6" origin="Verified by Bo"/>
         </artifact>
      </component>
      <component group="com.google.protobuf" name="protobuf-java" version="3.0.0">
         <artifact name="protobuf-java-3.0.0.jar">
            <pgp value="d75e25b78ebb19e47c0a99bca7764f502a938c99"/>
         </artifact>
      </component>
      <component group="com.google.protobuf" name="protobuf-java" version="3.6.1">
         <artifact name="protobuf-java-3.6.1.jar">
            <pgp value="22b79f456b06f4e75b8b579db57bd58ef6d0a713"/>
         </artifact>
      </component>
      <component group="com.google.protobuf" name="protobuf-java" version="3.7.0">
         <artifact name="protobuf-java-3.7.0.jar">
            <pgp value="3a82f1b557594a6194be271d0e621275cdadb760"/>
         </artifact>
      </component>
      <component group="com.google.testing.compile" name="compile-testing" version="0.21.0">
         <artifact name="compile-testing-0.21.0.jar">
            <pgp value="bdb5fa4fe719d787fb3d3197f6d4a1d411e9d1ae"/>
         </artifact>
      </component>
      <component group="com.google.truth" name="truth" version="1.1.3">
         <artifact name="truth-1.1.3.jar">
            <pgp value="41cd49b4ef5876f9e9f691dabac30622339994c4"/>
         </artifact>
      </component>
      <component group="com.googlecode.concurrent-trees" name="concurrent-trees" version="2.6.1">
         <artifact name="concurrent-trees-2.6.1.jar">
            <pgp value="a9789342f598ad5b1175ef357eb97d110dfadd60"/>
         </artifact>
      </component>
      <component group="com.googlecode.jatl" name="jatl" version="0.2.3">
         <artifact name="jatl-0.2.3.jar">
            <pgp value="4922c79af3339c8941c3e7af80662f8192d749a0"/>
         </artifact>
      </component>
      <component group="com.googlecode.javaewah" name="JavaEWAH" version="1.1.6">
         <artifact name="JavaEWAH-1.1.6.jar">
            <pgp value="015479e1055341431b4545ab72475fd306b9cab7"/>
         </artifact>
      </component>
      <component group="com.googlecode.javaewah" name="JavaEWAH" version="1.1.7">
         <artifact name="JavaEWAH-1.1.7.jar">
            <pgp value="015479e1055341431b4545ab72475fd306b9cab7"/>
         </artifact>
      </component>
      <component group="com.googlecode.json-simple" name="json-simple" version="1.1">
         <artifact name="json-simple-1.1.jar">
            <sha256 value="2d9484f4c649f708f47f9a479465fc729770ee65617dca3011836602264f6439" reason="Artifact is not signed"/>
         </artifact>
      </component>
      <component group="com.googlecode.juniversalchardet" name="juniversalchardet" version="1.0.3">
         <artifact name="juniversalchardet-1.0.3.jar">
            <pgp value="31bae2e51d95e0f8ad9b7bcc40a3c4432bd7308c"/>
         </artifact>
      </component>
      <component group="com.h2database" name="h2" version="1.4.192">
         <artifact name="h2-1.4.192.jar">
            <pgp value="0cfa413799e2464c7d7e26220a4b343f2a55fdae"/>
         </artifact>
      </component>
      <component group="com.h2database" name="h2" version="1.4.196">
         <artifact name="h2-1.4.196.jar">
            <pgp value="0cfa413799e2464c7d7e26220a4b343f2a55fdae"/>
         </artifact>
      </component>
      <component group="com.h2database" name="h2" version="2.1.214">
         <artifact name="h2-2.1.214.jar">
            <pgp value="0cfa413799e2464c7d7e26220a4b343f2a55fdae"/>
         </artifact>
      </component>
      <component group="com.ibm.icu" name="icu4j" version="59.1">
         <artifact name="icu4j-59.1.jar">
            <pgp value="cb3190ca7842439e57f3712e44ce7bf2825ea2cd"/>
         </artifact>
      </component>
      <component group="com.intellij" name="annotations" version="12.0">
         <artifact name="annotations-12.0.jar">
            <pgp value="faabc3738b1f58da2d776fa2eb380dc13c39f675"/>
         </artifact>
      </component>
      <component group="com.lmax" name="disruptor" version="3.4.2">
         <artifact name="disruptor-3.4.2.jar">
            <pgp value="58df461caac5f4e5fb2be32cbffa420097f49c8a"/>
         </artifact>
      </component>
      <component group="com.martiansoftware" name="nailgun-server" version="0.9.1">
         <artifact name="nailgun-server-0.9.1.jar">
            <pgp value="a7343911cdc4ac8bf64427bd32baf781c2d456c2"/>
         </artifact>
      </component>
      <component group="com.nhaarman" name="mockito-kotlin" version="1.6.0">
         <artifact name="mockito-kotlin-1.6.0.jar">
            <pgp value="5289a6f1836624cbd708b9acad21629f6ae723d2"/>
         </artifact>
      </component>
      <component group="com.nhaarman.mockitokotlin2" name="mockito-kotlin" version="2.2.0">
         <artifact name="mockito-kotlin-2.2.0.jar">
            <pgp value="5dceb296690bd5101756f2441f8cf885d537a431"/>
         </artifact>
      </component>
      <component group="com.squareup" name="javapoet" version="1.13.0">
         <artifact name="javapoet-1.13.0.jar">
            <pgp value="1d0a8b5e77c678a7c724445abf984b4145ea13f7"/>
         </artifact>
      </component>
      <component group="com.squareup" name="javawriter" version="2.5.0">
         <artifact name="javawriter-2.5.0.jar">
            <pgp value="90ee19787a7bcf6fd37a1e9180c08b1c29100955"/>
         </artifact>
      </component>
      <component group="com.sun.activation" name="jakarta.activation" version="2.0.0">
         <artifact name="jakarta.activation-2.0.0.jar">
            <pgp value="6dd3b8c64ef75253beb2c53ad908a43fb7ec07ac"/>
         </artifact>
      </component>
      <component group="com.swoval" name="file-tree-views" version="2.1.7">
         <artifact name="file-tree-views-2.1.7.jar">
            <pgp value="ee2cfeb6a2aecf44c781c5c3dcd5181297a43d24"/>
         </artifact>
      </component>
      <component group="com.typesafe" name="config" version="1.2.1">
         <artifact name="config-1.2.1.jar">
            <pgp value="75df525907ff19b0e4aec4c7c550938a54246ad3"/>
         </artifact>
      </component>
      <component group="com.typesafe" name="config" version="1.3.3">
         <artifact name="config-1.3.3.jar">
            <pgp value="263923711ef4fe3f3f0c28af11509ed50ec155e6"/>
         </artifact>
      </component>
      <component group="com.uwyn" name="jhighlight" version="1.0">
         <artifact name="jhighlight-1.0.jar">
            <sha256 value="ede52343fc4a8f080a1801bb735be1b895a5055d61cef55e2b5c6ac7dd4e5c8c" origin="Verified" reason="Artifact is not signed"/>
         </artifact>
      </component>
      <component group="com.vdurmont" name="semver4j" version="2.1.0">
         <artifact name="semver4j-2.1.0.jar">
            <pgp value="37c5181bf2066135e771e6dcb263d126c8a7e813"/>
         </artifact>
      </component>
      <component group="com.yarnpkg" name="yarn" version="1.22.17">
         <artifact name="yarn-1.22.17.tar.gz">
            <pgp value="6d98490c6f1acddd448e45954f77679369475baa"/>
         </artifact>
      </component>
      <component group="commons-codec" name="commons-codec" version="1.15">
         <artifact name="commons-codec-1.15.jar">
            <pgp value="bc87a3fd0a54480f0badbebd21939ff0ca2a6567"/>
         </artifact>
      </component>
      <component group="commons-collections" name="commons-collections" version="3.2.1">
         <artifact name="commons-collections-3.2.1.jar">
            <pgp value="d196a5e3e70732eeb2e5007f1861c322c56014b2"/>
         </artifact>
      </component>
      <component group="commons-collections" name="commons-collections" version="3.2.2">
         <artifact name="commons-collections-3.2.2.jar">
            <pgp value="0cc641c3a62453ab390066c4a41f13c999945293"/>
         </artifact>
      </component>
      <component group="commons-io" name="commons-io" version="2.5">
         <artifact name="commons-io-2.5.jar">
            <pgp value="6bdaca2c0493cca133b372d09c4f7e9d98b1cc53"/>
         </artifact>
      </component>
      <component group="commons-lang" name="commons-lang" version="2.6">
         <artifact name="commons-lang-2.6.jar">
            <pgp value="d196a5e3e70732eeb2e5007f1861c322c56014b2"/>
         </artifact>
      </component>
      <component group="commons-logging" name="commons-logging" version="1.2">
         <artifact name="commons-logging-1.2.jar">
            <pgp value="0cc641c3a62453ab390066c4a41f13c999945293"/>
         </artifact>
      </component>
      <component group="de.rototor.pdfbox" name="graphics2d" version="0.12">
         <artifact name="graphics2d-0.12.jar">
            <pgp value="8608e5c5e09dcce835b50bcd1158d77cdb3a70bb"/>
         </artifact>
      </component>
      <component group="de.undercouch" name="gradle-download-task" version="4.1.1">
         <artifact name="gradle-download-task-4.1.1.jar">
            <pgp value="1fa37fbe4453c1073e7ef61d6449005f96bc97a3"/>
            <ignored-keys>
               <ignored-key id="1fa37fbe4453c1073e7ef61d6449005f96bc97a3" reason="PGP verification failed"/>
            </ignored-keys>
            <sha256 value="81d795f8d22c09bdae192d3e2f40624d6a14325ae745547bbce9df74361be598" origin="Needed because PGP signature verification failed!">
               <also-trust value="eb08b570e408d4646705e70a949614d439ea2b11455f1652ab0330de8954dab9"/>
            </sha256>
         </artifact>
      </component>
      <component group="dev.adamko.dokkatoo" name="dokkatoo-plugin" version="1.3.0">
         <artifact name="dokkatoo-plugin-1.3.0.jar">
            <sha256 value="70ba2b912d823dd511be2ed6a033e86b0e62faef9f17d09eb5c50d96542a4254" origin="Verified" reason="Artifact is not signed"/>
         </artifact>
      </component>
      <component group="flot" name="flot" version="0.8.1">
         <artifact name="flot-0.8.1-min.js">
            <sha256 value="889e1e07300265211222ad70b0644b9af0954eb2f9eaf06544c0e436967f434f" origin="Verified" reason="Artifact is not signed"/>
         </artifact>
      </component>
      <component group="gradle.plugin.org.jetbrains.gradle.plugin.idea-ext" name="gradle-idea-ext" version="1.0.1">
         <artifact name="gradle-idea-ext-1.0.1.jar">
            <sha256 value="001c6c04c330b0e16bf9836afdf8b27c89e5e33caf88b3d8272d12afe1a24e08" origin="Verified" reason="Artifact is not signed"/>
         </artifact>
      </component>
      <component group="gradle.plugin.org.ysb33r.gradle" name="gradle-cloudci-plugin" version="2.3">
         <artifact name="gradle-cloudci-plugin-2.3.jar">
            <sha256 value="6f1d0599d99a19da9d26c6cee89c421552d9929e4f94f7dfdd9934f80558b1b9" reason="Artifact is not signed"/>
         </artifact>
      </component>
      <component group="gradle.plugin.org.ysb33r.gradle" name="gradle-runner" version="1.1">
         <artifact name="gradle-runner-1.1.jar">
            <sha256 value="7de9b7ade957c6a1996e9c3d0e1e4d1e1840c081ebf16bbd3c2a6a5b05b88891" reason="Artifact is not signed"/>
         </artifact>
      </component>
      <component group="io.airlift" name="aircompressor" version="0.8">
         <artifact name="aircompressor-0.8.jar">
            <pgp value="0eb0ecde7ef95741addb05690d9cb5ee96b7bc22"/>
         </artifact>
      </component>
      <component group="io.airlift" name="slice" version="0.29">
         <artifact name="slice-0.29.jar">
            <pgp value="c328250fe23a2420814521ec0eb69f76fd171538"/>
         </artifact>
      </component>
      <component group="io.github.detekt.sarif4k" name="sarif4k" version="0.0.1">
         <artifact name="sarif4k-0.0.1.jar">
            <pgp value="8569c95cadc508b09fe90f3002216ed811210daa"/>
         </artifact>
      </component>
      <component group="io.github.gradle" name="gradle-enterprise-conventions-plugin" version="0.7.6">
         <artifact name="gradle-enterprise-conventions-plugin-0.7.6.jar">
            <sha256 value="b3ff4bba6c5ac6e50e7225c7d1f69c0a9bc2ae9f3ce2bfacdc3f1b3999c2e758" origin="Verified" reason="Artifact is not signed"/>
         </artifact>
      </component>
      <component group="io.github.microutils" name="kotlin-logging-jvm" version="2.1.21">
         <artifact name="kotlin-logging-jvm-2.1.21.jar">
            <pgp value="47eb6836245d2d40e89dfb4136d4e9618f3adab5"/>
         </artifact>
      </component>
      <component group="io.netty" name="netty-all" version="4.1.63.Final">
         <artifact name="netty-all-4.1.63.Final.jar">
            <pgp value="7e22d50a7ebd9d2cd269b2d4056aca74d46000bf"/>
         </artifact>
      </component>
      <component group="io.usethesource" name="capsule" version="0.6.3">
         <artifact name="capsule-0.6.3.jar">
            <sha256 value="38df64de67bd7c953f3643bdc34fe5fc674eb7e42b8f65f01e2233b8e5006a09" origin="Verified" reason="Artifact is not signed"/>
         </artifact>
      </component>
      <component group="it.unimi.dsi" name="fastutil" version="8.5.2">
         <artifact name="fastutil-8.5.2.jar">
            <pgp value="0cb5871fb7bf3b351614bbf6ca85ffe638d4407a"/>
         </artifact>
      </component>
      <component group="itext" name="itext" version="2.0.8">
         <artifact name="itext-2.0.8.jar">
            <sha256 value="d6e41bfa732ecc84ba6c0850a4e36d57ee665a9b8eb1184ba5c4ef8d301f24bd" reason="Artifact is not signed"/>
         </artifact>
      </component>
      <component group="jakarta.activation" name="jakarta.activation-api" version="1.2.1">
         <artifact name="jakarta.activation-api-1.2.1.jar">
            <pgp value="6dd3b8c64ef75253beb2c53ad908a43fb7ec07ac"/>
         </artifact>
      </component>
      <component group="jakarta.xml.bind" name="jakarta.xml.bind-api" version="2.3.2">
         <artifact name="jakarta.xml.bind-api-2.3.2.jar">
            <pgp value="fc411cd3cb7dcb0abc9801058118b3bcdb1a5000"/>
         </artifact>
      </component>
      <component group="jakarta.xml.bind" name="jakarta.xml.bind-api" version="3.0.0">
         <artifact name="jakarta.xml.bind-api-3.0.0.jar">
            <pgp value="fc411cd3cb7dcb0abc9801058118b3bcdb1a5000"/>
         </artifact>
      </component>
      <component group="javax.activation" name="activation" version="1.1.1">
         <artifact name="activation-1.1.1.jar">
            <sha256 value="ae475120e9fcd99b4b00b38329bd61cdc5eb754eee03fe66c01f50e137724f99" origin="Verified" reason="Artifact is not signed"/>
         </artifact>
      </component>
      <component group="javax.annotation" name="jsr250-api" version="1.0">
         <artifact name="jsr250-api-1.0.jar">
            <sha256 value="a1a922d0d9b6d183ed3800dfac01d1e1eb159f0e8c6f94736931c1def54a941f" origin="Verified" reason="Artifact is not signed"/>
         </artifact>
      </component>
      <component group="javax.enterprise" name="cdi-api" version="1.0">
         <artifact name="cdi-api-1.0.jar">
            <pgp value="b1fc0e1fa329669191f8306f5bcee695141e6086"/>
         </artifact>
      </component>
      <component group="javax.inject" name="javax.inject" version="1">
         <artifact name="javax.inject-1.jar">
            <sha256 value="91c77044a50c481636c32d916fd89c9118a72195390452c81065080f957de7ff" origin="Verified" reason="Artifact is not signed"/>
         </artifact>
      </component>
      <component group="javax.xml.bind" name="jaxb-api" version="2.3.0">
         <artifact name="jaxb-api-2.3.0.jar">
            <pgp value="b38e195d438d44a1a8d2d2203575e1c767076ca8"/>
         </artifact>
      </component>
      <component group="javax.xml.bind" name="jaxb-api" version="2.3.1">
         <artifact name="jaxb-api-2.3.1.jar">
            <pgp value="70cd19bfd9f6c330027d6f260315bfb7970a144f"/>
         </artifact>
      </component>
      <component group="jcifs" name="jcifs" version="1.3.17">
         <artifact name="jcifs-1.3.17.jar">
            <pgp value="c3eb67e869c31cc00755038f0a07e0e55e45f65b"/>
         </artifact>
      </component>
      <component group="jline" name="jline" version="2.14.6">
         <artifact name="jline-2.14.6.jar">
            <pgp value="ea23db1360d9029481e7f2efecdfea3cb4493b94"/>
         </artifact>
      </component>
      <component group="joda-time" name="joda-time" version="1.6">
         <artifact name="joda-time-1.6.jar">
            <sha256 value="bc96dbe7c56f4fe367ea33e66dfcf18b589e3c8eddcff52a78323c5e6da2387e" reason="Artifact is not signed"/>
         </artifact>
      </component>
      <component group="joda-time" name="joda-time" version="2.10.4">
         <artifact name="joda-time-2.10.4.jar">
            <pgp value="b41089a2da79b0fa5810252872385ff0af338d52"/>
         </artifact>
      </component>
      <component group="joda-time" name="joda-time" version="2.10.5">
         <artifact name="joda-time-2.10.5.jar">
            <pgp value="b41089a2da79b0fa5810252872385ff0af338d52"/>
         </artifact>
      </component>
      <component group="jquery" name="jquery.min" version="3.5.1">
         <artifact name="jquery.min-3.5.1.js">
            <sha256 value="f7f6a5894f1d19ddad6fa392b2ece2c5e578cbf7da4ea805b6885eb6985b6e3d" origin="Verified" reason="Artifact is not signed"/>
         </artifact>
      </component>
      <component group="junit" name="junit" version="4.12">
         <artifact name="junit-4.12.jar">
            <pgp value="d4c89ea4aaf455fd88b22087efe8086f9e93774e"/>
         </artifact>
      </component>
      <component group="me.champeau.gradle" name="japicmp-gradle-plugin" version="0.4.1">
         <artifact name="japicmp-gradle-plugin-0.4.1.jar">
            <sha256 value="5e87d84077de0c60d9ff4eedbc9fac1506693019eb6f55652afc9e1ff2b482ba" origin="Verified" reason="Artifact is not signed"/>
         </artifact>
      </component>
      <component group="me.champeau.jmh" name="jmh-gradle-plugin" version="0.6.8">
         <artifact name="jmh-gradle-plugin-0.6.8.jar">
            <pgp value="0191e61acbbe76323ac15c83b5ad94bdd6bdb924"/>
         </artifact>
      </component>
      <component group="mysql" name="mysql-connector-java" version="8.0.17">
         <artifact name="mysql-connector-java-8.0.17.jar">
            <pgp value="a4a9406876fcbd3c456770c88c718d3b5072e1f5"/>
            <sha256 value="073c395ec325ac68dcda6f5534167ba40de5b0fe4b459f7636ac6c44e4ace5a7" reason="Artifact is not signed"/>
         </artifact>
      </component>
      <component group="net.bytebuddy" name="byte-buddy" version="1.8.21">
         <artifact name="byte-buddy-1.8.21.jar">
            <pgp value="f42b96b8648b5c4a1c43a62fbb2914c1fa0811c3"/>
         </artifact>
      </component>
      <component group="net.bytebuddy" name="byte-buddy-agent" version="1.10.9">
         <artifact name="byte-buddy-agent-1.10.9.jar">
            <pgp value="a7892505cf1a58076453e52d7999befba1039e8b"/>
         </artifact>
      </component>
      <component group="net.bytebuddy" name="byte-buddy-agent" version="1.8.5">
         <artifact name="byte-buddy-agent-1.8.5.jar">
            <pgp value="f42b96b8648b5c4a1c43a62fbb2914c1fa0811c3"/>
         </artifact>
      </component>
      <component group="net.jcip" name="jcip-annotations" version="1.0">
         <artifact name="jcip-annotations-1.0.jar">
            <sha256 value="be5805392060c71474bf6c9a67a099471274d30b83eef84bfc4e0889a4f1dcc0" origin="Verified" reason="Artifact is not signed"/>
         </artifact>
      </component>
      <component group="net.openhft" name="zero-allocation-hashing" version="0.10.1">
         <artifact name="zero-allocation-hashing-0.10.1.jar">
            <pgp value="cb3808e03cd602a6dc5b882552931f4b72b4f54c"/>
         </artifact>
      </component>
      <component group="net.rubygrapefruit" name="ansi-control-sequence-util" version="0.3">
         <artifact name="ansi-control-sequence-util-0.3.jar">
            <pgp value="5b131e826582cf79510daa11cd3e539f208832d0"/>
         </artifact>
      </component>
      <component group="net.sf.docbook" name="docbook-xsl" version="1.75.2">
         <artifact name="docbook-xsl-1.75.2-resources.zip">
            <sha256 value="eea2df391d11dcf3732d2b9ac1c344d527c955984824c08da4afdcd5acf92d03" origin="Verified" reason="Artifact is not signed"/>
         </artifact>
      </component>
      <component group="net.sf.ezmorph" name="ezmorph" version="1.0.6">
         <artifact name="ezmorph-1.0.6.jar">
            <sha256 value="2be06a2380f8656426b5c610db694bbd75314caf3e9191affcd7942721398ed7" reason="Artifact is not signed"/>
         </artifact>
      </component>
      <component group="net.sf.jopt-simple" name="jopt-simple" version="4.6">
         <artifact name="jopt-simple-4.6.jar">
            <pgp value="517b94f8d0a46317a28d8ab30da8a5ec02d11ead"/>
         </artifact>
      </component>
      <component group="net.sf.json-lib" name="json-lib" version="2.3">
         <artifact name="json-lib-2.3-jdk15.jar">
            <sha256 value="1e58cc49a02f2ae22049c73de69d03a6aa44f197533c42106a302e03c95c40ca" reason="Artifact is not signed"/>
         </artifact>
      </component>
      <component group="net.sf.kxml" name="kxml2" version="2.3.0">
         <artifact name="kxml2-2.3.0.jar">
            <sha256 value="f264dd9f79a1fde10ce5ecc53221eff24be4c9331c830b7d52f2f08a7b633de2" reason="Artifact is not signed"/>
         </artifact>
      </component>
      <component group="net.sf.saxon" name="Saxon-HE" version="9.8.0-12">
         <artifact name="Saxon-HE-9.8.0-12.jar">
            <pgp value="d9aa7402ba75f78720d975211d185615d0a84648"/>
         </artifact>
      </component>
      <component group="net.sf.xslthl" name="xslthl" version="2.0.1">
         <artifact name="xslthl-2.0.1.jar">
            <sha256 value="28026d1b450cdc532c6a92264658d29b9b57a006cfbfb8c9cac2b098fd93e772" origin="Verified" reason="Artifact is not signed"/>
         </artifact>
      </component>
      <component group="net.sourceforge.cssparser" name="cssparser" version="0.9.13">
         <artifact name="cssparser-0.9.13.jar">
            <pgp value="eef3227f5f93c6c2a750730f0a4f46866e0a8df9"/>
         </artifact>
      </component>
      <component group="net.sourceforge.nekohtml" name="nekohtml" version="1.9.16">
         <artifact name="nekohtml-1.9.16.jar">
            <pgp value="a1885c07a3204611fb184ef7098a31f381819057"/>
         </artifact>
      </component>
      <component group="net.sourceforge.nekohtml" name="nekohtml" version="1.9.21">
         <artifact name="nekohtml-1.9.21.jar">
            <pgp value="3cac6e7dc43343ff75ecbac27e6eb7bb6a7712dc"/>
         </artifact>
      </component>
      <component group="net.sourceforge.nekohtml" name="nekohtml" version="1.9.22">
         <artifact name="nekohtml-1.9.22.jar">
            <pgp value="3cac6e7dc43343ff75ecbac27e6eb7bb6a7712dc"/>
         </artifact>
      </component>
      <component group="net.swiftzer.semver" name="semver" version="1.1.1">
         <artifact name="semver-1.1.1.jar">
            <sha256 value="757eeb1c6703b81fa3bb6bc2eae7a5fe6ddac5d833b977aa1ce08979d7c2de5a" reason="Artifact is not signed"/>
         </artifact>
      </component>
      <component group="nl.jqno.equalsverifier" name="equalsverifier" version="2.1.6">
         <artifact name="equalsverifier-2.1.6.jar">
            <pgp value="2c1708ea05adf6966c32d6454a1bac7f1e3b89b3"/>
         </artifact>
      </component>
      <component group="org.abego.treelayout" name="org.abego.treelayout.core" version="1.0.3">
         <artifact name="org.abego.treelayout.core-1.0.3.jar">
            <pgp value="d790f72ea8fd39551012b62dcf9f3090ce4cb752"/>
         </artifact>
      </component>
      <component group="org.antlr" name="antlr4-runtime" version="4.5.2-1">
         <artifact name="antlr4-runtime-4.5.2-1.jar">
            <pgp value="d54a395b5cf3f86eb45f6e426b1b008864323b92"/>
         </artifact>
      </component>
      <component group="org.antlr" name="antlr4-runtime" version="4.7.1">
         <artifact name="antlr4-runtime-4.7.1.jar">
            <pgp value="d54a395b5cf3f86eb45f6e426b1b008864323b92"/>
         </artifact>
      </component>
      <component group="org.apache.commons" name="commons-exec" version="1.1">
         <artifact name="commons-exec-1.1.jar">
            <pgp value="697538d9f48fabc72dd60c1f2c82dbe6c780e2af"/>
         </artifact>
      </component>
      <component group="org.apache.commons" name="commons-lang3" version="3.9">
         <artifact name="commons-lang3-3.9.jar">
            <pgp value="b6e73d84ea4fcc47166087253faad2cd5ecbb314"/>
         </artifact>
      </component>
      <component group="org.apache.commons" name="commons-math3" version="3.2">
         <artifact name="commons-math3-3.2.jar">
            <pgp value="12d16069219c90212a974d119ae296fd02e9f65b"/>
         </artifact>
      </component>
      <component group="org.apache.commons" name="commons-math3" version="3.6.1">
         <artifact name="commons-math3-3.6.1.jar">
            <pgp value="41a1a08c62fca78b79d3081164a16faaec16a4be"/>
         </artifact>
      </component>
      <component group="org.apache.ivy" name="ivy" version="2.3.0">
         <artifact name="ivy-2.3.0.jar">
            <pgp value="9c60c6b3a5a9df8fedd299d65be0ba8cb80602ae"/>
         </artifact>
      </component>
      <component group="org.apache.ivy" name="ivy" version="2.5.0">
         <artifact name="ivy-2.5.0.jar">
            <pgp value="8da70c00df7af1b0d2f9dc74ddbcc1270a29d081"/>
         </artifact>
      </component>
      <component group="org.apache.maven" name="maven-model" version="3.0.4">
         <artifact name="maven-model-3.0.4.jar">
            <pgp value="f254b35617dc255d9344bcfa873a8e86b4372146"/>
         </artifact>
      </component>
      <component group="org.apache.maven.wagon" name="wagon-provider-api" version="3.3.4">
         <artifact name="wagon-provider-api-3.3.4.jar">
            <pgp value="fa77dcfef2ee6eb2debedd2c012579464d01c06a"/>
         </artifact>
      </component>
      <component group="org.apache.mina" name="mina-core" version="2.0.17">
         <artifact name="mina-core-2.0.17.jar">
            <pgp value="4d2db2916149baa9d0c92f3731474e5e7c6b7034"/>
         </artifact>
      </component>
      <component group="org.apache.velocity" name="velocity" version="1.7">
         <artifact name="velocity-1.7.jar">
            <pgp value="7b9751fc3f01f134f476464cd0eb627d4885ced1"/>
         </artifact>
      </component>
      <component group="org.apache.xbean" name="xbean-reflect" version="3.7">
         <artifact name="xbean-reflect-3.7.jar">
            <pgp value="223d3a74b068eca354dc385ce126833f9cf64915"/>
         </artifact>
      </component>
      <component group="org.asciidoctor" name="asciidoctor-gradle-base" version="3.3.2">
         <artifact name="asciidoctor-gradle-base-3.3.2.jar">
            <sha256 value="05621bf96e33332f1fddb3522cd17d3a1afebefbef5d123b897f84ece0667fc6" origin="Verified" reason="Artifact is not signed"/>
         </artifact>
      </component>
      <component group="org.asciidoctor" name="asciidoctor-gradle-jvm" version="3.3.2">
         <artifact name="asciidoctor-gradle-jvm-3.3.2.jar">
            <sha256 value="c3f3943389d7670aaa6f132be52d26c3da042f3fd0c8d10d7a31ce63865457ea" origin="Verified" reason="Artifact is not signed"/>
         </artifact>
      </component>
      <component group="org.asciidoctor" name="asciidoctor-gradle-plugin" version="1.5.10">
         <artifact name="asciidoctor-gradle-plugin-1.5.10.jar">
            <sha256 value="5076611c14107ec0aa057842567db1e1c0c4e54cdad229c6e189b6503bda8b2e" reason="Artifact is not signed"/>
         </artifact>
      </component>
      <component group="org.asciidoctor" name="asciidoctor-gradle-plugin" version="1.5.9.2">
         <artifact name="asciidoctor-gradle-plugin-1.5.9.2.jar">
            <sha256 value="bde0e0ec5cec01e594ce776cf2276f926cde52c0375a2c31803f398aa69fbf09" reason="Artifact is not signed"/>
         </artifact>
      </component>
      <component group="org.asciidoctor" name="asciidoctorj" version="1.5.8.1">
         <artifact name="asciidoctorj-1.5.8.1.jar">
            <pgp value="36390de6a0e61ee4c7b4ba02c1d3063467f1ebd1"/>
         </artifact>
      </component>
      <component group="org.asciidoctor" name="asciidoctorj-groovy-dsl" version="1.0.0.Alpha3">
         <artifact name="asciidoctorj-groovy-dsl-1.0.0.Alpha3.jar">
            <sha256 value="19a944d3b4548a8e43049706947ccc481b5d241af9b7e1b8bae89d30bad16016" reason="Artifact is not signed"/>
         </artifact>
      </component>
      <component group="org.asciidoctor" name="asciidoctorj-groovy-dsl" version="2.0.0">
         <artifact name="asciidoctorj-groovy-dsl-2.0.0.jar">
            <sha256 value="6dd87a91ddfe71b12b139efe9b82624af0eb47e525bd5f10259ad54341e347bf" reason="Artifact is not signed"/>
         </artifact>
      </component>
      <component group="org.assertj" name="assertj-core" version="3.16.1">
         <artifact name="assertj-core-3.16.1.jar">
            <pgp value="77993d3295698c46912e83984b2277c6358670ee"/>
         </artifact>
      </component>
      <component group="org.assertj" name="assertj-core" version="3.20.2">
         <artifact name="assertj-core-3.20.2.jar">
            <pgp value="be685132afd2740d9095f9040cc0b712fee75827"/>
         </artifact>
      </component>
      <component group="org.brotli" name="dec" version="0.1.2">
         <artifact name="dec-0.1.2.jar">
            <pgp value="3a4d86c56ca99373b6d8953dbe84d764623a3644"/>
         </artifact>
      </component>
      <component group="org.codehaus.gpars" name="gpars" version="1.2.1">
         <artifact name="gpars-1.2.1.jar">
            <sha256 value="f9e08bf964f34d129344404c01666276ec43c6704dd74e8d4ca32dcd1d2fb4a8" origin="Key couldn't be downloaded"/>
         </artifact>
      </component>
      <component group="org.codehaus.groovy.modules.http-builder" name="http-builder" version="0.7">
         <artifact name="http-builder-0.7.jar">
            <sha256 value="c55981548c6e0110c539a147fde2261ff661740d4634b219b2bcd649761f2ba1" reason="Artifact is not signed"/>
         </artifact>
      </component>
      <component group="org.codehaus.groovy.modules.http-builder" name="http-builder" version="0.7.2">
         <artifact name="http-builder-0.7.2.jar">
            <sha256 value="cbd0fa43ebc62cb548e17f78b92b745220d9b1904f255c5916ef5a592b11e090" reason="Artifact is not signed"/>
         </artifact>
      </component>
      <component group="org.codehaus.jsr166-mirror" name="jsr166y" version="1.7.0">
         <artifact name="jsr166y-1.7.0.jar">
            <sha256 value="4d4e74532e81bc6a54e4cbda865999f4ab29885e850f0b835ea374800b84d0b2" reason="Artifact is not signed"/>
         </artifact>
      </component>
      <component group="org.codehaus.mojo" name="animal-sniffer-annotations" version="1.14">
         <artifact name="animal-sniffer-annotations-1.14.jar">
            <pgp value="82f833963889d7ed06f1e4dc6525fd70cc303655"/>
         </artifact>
      </component>
      <component group="org.codehaus.mojo" name="animal-sniffer-annotations" version="1.17">
         <artifact name="animal-sniffer-annotations-1.17.jar">
            <pgp value="f254b35617dc255d9344bcfa873a8e86b4372146"/>
         </artifact>
      </component>
      <component group="org.codehaus.mojo" name="animal-sniffer-annotations" version="1.18">
         <artifact name="animal-sniffer-annotations-1.18.jar">
            <pgp value="f254b35617dc255d9344bcfa873a8e86b4372146"/>
         </artifact>
      </component>
      <component group="org.codehaus.plexus" name="plexus-interpolation" version="1.26">
         <artifact name="plexus-interpolation-1.26.jar">
            <pgp value="f254b35617dc255d9344bcfa873a8e86b4372146"/>
         </artifact>
      </component>
      <component group="org.codehaus.woodstox" name="stax2-api" version="4.2.1">
         <artifact name="stax2-api-4.2.1.jar">
            <pgp value="6214760097dc5cfad0175ac2c9fbaa83a8753994"/>
         </artifact>
      </component>
      <component group="org.ec4j.core" name="ec4j-core" version="0.2.0">
         <artifact name="ec4j-core-0.2.0.jar">
            <pgp value="2e92113263fc31c74ccbaab20e91c2de43b72bb1"/>
            <sha256 value="0688839a5cb636085674913e305bbc7217c8ed4e92434d279e0f881ce2ca5e6b"/>
         </artifact>
      </component>
      <component group="org.ec4j.core" name="ec4j-core" version="0.2.2">
         <artifact name="ec4j-core-0.2.2.jar">
            <pgp value="2e92113263fc31c74ccbaab20e91c2de43b72bb1"/>
         </artifact>
      </component>
      <component group="org.ec4j.core" name="ec4j-core" version="0.3.0">
         <artifact name="ec4j-core-0.3.0.jar">
            <pgp value="2e92113263fc31c74ccbaab20e91c2de43b72bb1"/>
         </artifact>
      </component>
      <component group="org.eclipse.jdt.core.compiler" name="ecj" version="4.6.1">
         <artifact name="ecj-4.6.1.jar">
            <pgp value="45dad8aed069092bc7be9843eca081a9790d4fc4"/>
         </artifact>
      </component>
      <component group="org.eclipse.jetty" name="jetty-websocket" version="8.1.14.v20131031">
         <artifact name="jetty-websocket-8.1.14.v20131031.jar">
            <pgp value="5de533cb43daf8bc3e372283e7ae839cd7c58886"/>
         </artifact>
      </component>
      <component group="org.eclipse.jgit" name="org.eclipse.jgit" version="5.5.0.201909110433-r">
         <artifact name="org.eclipse.jgit-5.5.0.201909110433-r.jar">
            <pgp value="7c669810892cbd3148fa92995b05ccde140c2876"/>
         </artifact>
      </component>
      <component group="org.eclipse.jgit" name="org.eclipse.jgit" version="5.7.0.202003110725-r">
         <artifact name="org.eclipse.jgit-5.7.0.202003110725-r.jar">
            <pgp value="7c669810892cbd3148fa92995b05ccde140c2876"/>
         </artifact>
      </component>
      <component group="org.eclipse.jgit" name="org.eclipse.jgit" version="5.8.0.202006091008-r">
         <artifact name="org.eclipse.jgit-5.8.0.202006091008-r.jar">
            <pgp value="7c669810892cbd3148fa92995b05ccde140c2876"/>
         </artifact>
      </component>
      <component group="org.freemarker" name="freemarker" version="2.3.31">
         <artifact name="freemarker-2.3.31.jar">
            <pgp value="13ac2213964abe1d1c147c0e1939a2520bab1d90"/>
         </artifact>
      </component>
      <component group="org.fusesource.jansi" name="jansi" version="1.18">
         <artifact name="jansi-1.18.jar">
            <pgp value="ea23db1360d9029481e7f2efecdfea3cb4493b94"/>
         </artifact>
      </component>
      <component group="org.gradle" name="gradle-tooling-api" version="5.2.1">
         <artifact name="gradle-tooling-api-5.2.1.jar">
            <sha256 value="479c6f0007c36e5e74371ff4b1dac7f73cd8f90a8b5ffe002a64a8a3c34ce7fe" reason="Artifact is not signed"/>
         </artifact>
      </component>
      <component group="org.gradle" name="gradle-tooling-api" version="6.0.1">
         <artifact name="gradle-tooling-api-6.0.1.jar">
            <sha256 value="843245599385e906a4133fed1765c4d9f2e697b0091bb681cffd71dc426ff76b" origin="Verified" reason="Artifact is not signed"/>
         </artifact>
      </component>
      <component group="org.gradle" name="test-retry-gradle-plugin" version="1.5.2">
         <artifact name="test-retry-gradle-plugin-1.5.2.jar">
            <sha256 value="9d83780b9df3d7d704c7f9c0feed2bfb5a295833392a666250db7f4cf91bda5a" origin="Generated by Gradle" reason="Artifact is not signed"/>
         </artifact>
      </component>
      <component group="org.gradle.ci.health" name="common" version="0.63">
         <artifact name="common-0.63.jar">
            <sha256 value="1cbecb45b99d98523a62f9ead6a248b95e295d5db186d09222e6ae1ea6ce0292" reason="Artifact is not signed"/>
         </artifact>
      </component>
      <component group="org.gradle.ci.health" name="common" version="0.74">
         <artifact name="common-0.74.jar">
            <sha256 value="c9e7a770270510d50ad4c7b9df04fc4fa88a60011e610822d653a9b25791bef7" reason="Artifact is not signed"/>
         </artifact>
      </component>
      <component group="org.gradle.ci.health" name="github-client" version="0.63">
         <artifact name="github-client-0.63.jar">
            <sha256 value="e9d6c49b772fb14c1575852bf8e44252f4f99761e6828e18182b33b4a98b3b73" reason="Artifact is not signed"/>
         </artifact>
      </component>
      <component group="org.gradle.ci.health" name="github-client" version="0.74">
         <artifact name="github-client-0.74.jar">
            <sha256 value="5bb1ef363623fdf76ca64a07abbd4c69d3b915876f87538d031791add35f2683" reason="Artifact is not signed"/>
         </artifact>
      </component>
      <component group="org.gradle.ci.health" name="gradle-build-tag-plugin" version="0.74">
         <artifact name="gradle-build-tag-plugin-0.74.jar">
            <sha256 value="4824afdf33200a96ad995ed9f4b6c9cbac98168cbda53642e7f8664cb7331556" reason="Artifact is not signed"/>
         </artifact>
      </component>
      <component group="org.gradle.ci.health" name="tagging" version="0.63">
         <artifact name="tagging-0.63.jar">
            <sha256 value="28575c1d4c1f3317b94b446150850a6172fc8be905df342f96f4ac35a8c7f0bf" reason="Artifact is not signed"/>
         </artifact>
      </component>
      <component group="org.gradle.ci.health" name="tagging" version="0.74">
         <artifact name="tagging-0.74.jar">
            <sha256 value="5c5db6b64345396574d4527f44623a449753aeb308ab8adf1ad717795ec708b7" reason="Artifact is not signed"/>
         </artifact>
      </component>
      <component group="org.gradle.ci.health" name="teamcity-client" version="0.63">
         <artifact name="teamcity-client-0.63.jar">
            <sha256 value="d4635a414f344ce567a156806abb9d42f4f0ef54055b2d53a7294be8bcb58ef5" reason="Artifact is not signed"/>
         </artifact>
      </component>
      <component group="org.gradle.ci.health" name="teamcity-client" version="0.74">
         <artifact name="teamcity-client-0.74.jar">
            <sha256 value="5ef4102929b54c1b368be19178475c941bff09322c838484bb4dee66b6649419" reason="Artifact is not signed"/>
         </artifact>
      </component>
      <component group="org.gradle.guides" name="gradle-guides-plugin" version="0.22">
         <artifact name="gradle-guides-plugin-0.22.jar">
            <sha256 value="d6609bba9739659fb2cff4d3750ae97cabc4df4b1ffe7ca3211bc39517efadfb" origin="Verified" reason="Artifact is not signed"/>
         </artifact>
      </component>
      <component group="org.gradle.kotlin" name="gradle-kotlin-dsl-conventions" version="0.8.0">
         <artifact name="gradle-kotlin-dsl-conventions-0.8.0.jar">
            <sha256 value="b4182982109d85f9a623fa597932c3f09651467559bb99965c41d45159e89a68" origin="Verified" reason="Artifact is not signed"/>
         </artifact>
      </component>
      <component group="org.gradle.kotlin" name="gradle-kotlin-dsl-plugins" version="4.0.11">
         <artifact name="gradle-kotlin-dsl-plugins-4.0.11.jar">
            <sha256 value="64ab98090c9cde6968eb7195d707529638722d0b8ad8bac2c701926049233bff" origin="Verified" reason="Artifact is not signed"/>
         </artifact>
      </component>
      <component group="org.gradle.kotlin" name="gradle-kotlin-dsl-plugins" version="4.0.14">
         <artifact name="gradle-kotlin-dsl-plugins-4.0.14.jar">
            <sha256 value="8bde305e1b349f7d1fa3d2a9e6fba8fda08571306b70bc9858464db15e6bbce7" origin="Verified" reason="Artifact is not signed"/>
         </artifact>
      </component>
      <component group="org.gradle.kotlin" name="plugins" version="1.3.6">
         <artifact name="plugins-1.3.6.jar">
            <sha256 value="bdce53a751fdb27af6608039df81214ba22d902ed4169540a3daeb5828c99cad" reason="Artifact is not signed"/>
         </artifact>
      </component>
      <component group="org.hamcrest" name="hamcrest" version="2.2">
         <artifact name="hamcrest-2.2.jar">
            <pgp value="e3a9f95079e84ce201f7cf60bede11eaf1164480"/>
         </artifact>
      </component>
      <component group="org.iq80.snappy" name="snappy" version="0.4">
         <artifact name="snappy-0.4.jar">
            <pgp value="9e93db1192cee3d3b581aabb37e9d58ea4598641"/>
         </artifact>
      </component>
      <component group="org.jetbrains" name="annotations" version="13.0">
         <artifact name="annotations-13.0.jar">
            <pgp value="2e3a1affe42b5f53af19f780bcf4173966770193"/>
         </artifact>
      </component>
      <component group="org.jetbrains" name="annotations" version="24.0.0">
         <artifact name="annotations-24.0.0.jar">
            <pgp value="33fd4bfd33554634053d73c0c2148900bcd3c2af"/>
         </artifact>
      </component>
      <component group="org.jetbrains" name="markdown-jvm" version="0.3.1">
         <artifact name="markdown-jvm-0.3.1.jar">
            <pgp value="e62231331bca7e1f292c9b88c1b12a5d99c0729d"/>
         </artifact>
      </component>
      <component group="org.jetbrains.kotlin" name="kotlin-scripting-compiler-impl-embeddable" version="1.6.21">
         <artifact name="kotlin-scripting-compiler-impl-embeddable-1.6.21.jar">
            <sha256 value="e4044b8de01e84633923706f43cda80d37d8bbef8ce9a866f9d95962ddd20480" reason="Artifact is not signed"/>
         </artifact>
      </component>
      <component group="org.jetbrains.kotlin" name="kotlin-stdlib-jdk7" version="1.6.21">
         <artifact name="kotlin-stdlib-jdk7-1.6.21.jar">
            <sha256 value="f1b0634dbb94172038463020bb2dd45ca26849f8ce29d625acb0f1569d11dbee" reason="Artifact is not signed"/>
         </artifact>
      </component>
      <component group="org.jetbrains.kotlin" name="kotlin-tooling-metadata" version="1.6.21">
         <artifact name="kotlin-tooling-metadata-1.6.21.jar">
            <sha256 value="4ec93d0516066b0b648ba987c6d3d65f6fb067dc0bbba95c1ece61e0428488e5" reason="Artifact is not signed"/>
         </artifact>
      </component>
      <component group="org.jetbrains.kotlinx" name="kotlinx-html-jvm" version="0.8.0">
         <artifact name="kotlinx-html-jvm-0.8.0.jar">
            <pgp value="8e3a02905a1ae67e7b0f9acd3967d4eda591b991"/>
         </artifact>
      </component>
      <component group="org.jlleitschuh.gradle" name="ktlint-gradle" version="10.3.0">
         <artifact name="ktlint-gradle-10.3.0.jar">
            <sha256 value="6923398b3a77a1fb3722aacbcdde6ab0527cfcc98eb3fef6974074f96ae7fe76" origin="Verified" reason="Artifact is not signed"/>
         </artifact>
      </component>
      <component group="org.jruby.jcodings" name="jcodings" version="1.0.46">
         <artifact name="jcodings-1.0.46.jar">
            <pgp value="fea87918f3bd0ae378da3d1082d8373a8e0f8d06"/>
         </artifact>
      </component>
      <component group="org.json" name="json" version="20080701">
         <artifact name="json-20080701.jar">
            <sha256 value="03acd6adab2da447f49814751b0e953fb62a6a1023f9d2a705c30a6e3e4638eb" origin="Verified" reason="Artifact is not signed"/>
         </artifact>
      </component>
      <component group="org.jvnet.staxex" name="stax-ex" version="1.8.1">
         <artifact name="stax-ex-1.8.1.jar">
            <pgp value="04543577d6a9cc626239c50c7ecbd740ff06aeb5"/>
         </artifact>
      </component>
      <component group="org.kamranzafar" name="jtar" version="2.3">
         <artifact name="jtar-2.3.jar">
            <pgp value="4f042bc8fb0b8f08d31d949a7dab2c1bdf8b7d84"/>
         </artifact>
      </component>
      <component group="org.kohsuke" name="github-api" version="1.95">
         <artifact name="github-api-1.95.jar">
            <pgp value="150fde3f7787e7d11ef4e12a9b7d32f2d50582e6"/>
         </artifact>
      </component>
      <component group="org.lz4" name="lz4-java" version="1.7.1">
         <artifact name="lz4-java-1.7.1.jar">
            <pgp value="55ec199caa5ffdb20c4d825e1f318213e56e467a"/>
         </artifact>
      </component>
      <component group="org.mozilla" name="rhino" version="1.7.10">
         <artifact name="rhino-1.7.10.jar">
            <pgp value="ea0b70b5050192c98cfa7e4f3f36885c24df4b75"/>
         </artifact>
      </component>
      <component group="org.multiverse" name="multiverse-core" version="0.7.0">
         <artifact name="multiverse-core-0.7.0.jar">
            <sha256 value="c54398f0228054b7fae65227433ae9da87e5b2a96eba824e66a924912d10fc50" reason="Artifact is not signed"/>
         </artifact>
      </component>
      <component group="org.nibor.autolink" name="autolink" version="0.6.0">
         <artifact name="autolink-0.6.0.jar">
            <pgp value="624b96ceb9896889c97b258f7dc3076fe22d4f88"/>
         </artifact>
      </component>
      <component group="org.nodejs" name="node" version="16.13.2">
         <artifact name="node-16.13.2-darwin-arm64.tar.gz">
            <sha256 value="09d300008ad58792c12622a5eafdb14c931587bb88713df4df64cdf4ff2188d1" reason="Artifact is not signed"/>
         </artifact>
         <artifact name="node-16.13.2-darwin-x64.tar.gz">
            <sha256 value="900a952bb77533d349e738ff8a5179a4344802af694615f36320a888b49b07e6" reason="Artifact is not signed"/>
         </artifact>
         <artifact name="node-16.13.2-linux-x64.tar.gz">
            <sha256 value="a0f23911d5d9c371e95ad19e4e538d19bffc0965700f187840eb39a91b0c3fb0" reason="Artifact is not signed"/>
         </artifact>
         <artifact name="node-16.13.2-win-x64.zip">
            <sha256 value="107e3ece84b7fa1e80b3bdf03181d395246c7867e27b17b6d7e6fa9c7932b467" reason="Artifact is not signed"/>
         </artifact>
      </component>
      <component group="org.openmbee.junit" name="junit-xml-parser" version="1.0.0">
         <artifact name="junit-xml-parser-1.0.0.jar">
            <sha256 value="ef5da0d3135e27372039e8b0251b40b100c48b4f1308ab8cc43531b208620049" origin="Verified" reason="Artifact is not signed"/>
         </artifact>
      </component>
      <component group="org.owasp.encoder" name="encoder" version="1.2.2">
         <artifact name="encoder-1.2.2.jar">
            <pgp value="f9514e84ae3708288374bbbe097586cfea37f9a6"/>
         </artifact>
      </component>
      <component group="org.rnorth.visible-assertions" name="visible-assertions" version="2.1.2">
         <artifact name="visible-assertions-2.1.2.jar">
            <pgp value="91268e187cdc92936df90106ac01d965c791b637"/>
         </artifact>
      </component>
      <component group="org.scala-lang.modules" name="scala-parallel-collections_2.13" version="0.2.0">
         <artifact name="scala-parallel-collections_2.13-0.2.0.jar">
            <pgp value="c44a68fd10ff456c91e2757d18088d07854014b3"/>
         </artifact>
      </component>
      <component group="org.scala-lang.modules" name="scala-parser-combinators_2.13" version="1.1.2">
         <artifact name="scala-parser-combinators_2.13-1.1.2.jar">
            <pgp value="dbe61b6ba51dfcaeded256477090af43a5e10d0b"/>
         </artifact>
      </component>
      <component group="org.scala-lang.modules" name="scala-xml_2.13" version="1.2.0">
         <artifact name="scala-xml_2.13-1.2.0.jar">
            <pgp value="8d0c8fa7175f26274a6a9f87efec7ea866cc43ae"/>
         </artifact>
      </component>
      <component group="org.scijava" name="native-lib-loader" version="2.0.2">
         <artifact name="native-lib-loader-2.0.2.jar">
            <pgp value="ded5a0bea2a8cc381ce986ceaa89d120a76c41e8"/>
         </artifact>
      </component>
      <component group="org.simpleframework" name="simple" version="4.1.21">
         <artifact name="simple-4.1.21.jar">
            <sha256 value="8e6439fcc1f2fe87b5dfc20eb13289acba8047e9cfadf45ad3dc5c57a9bcd054" reason="Artifact is not signed"/>
         </artifact>
      </component>
      <component group="org.spire-math" name="jawn-parser_2.12" version="0.10.4">
         <artifact name="jawn-parser_2.12-0.10.4.jar">
            <pgp value="8b16e798477be6dc10127d11aa6917fa45e67f20"/>
         </artifact>
      </component>
      <component group="org.testng" name="testng" version="6.3.1">
         <artifact name="testng-6.3.1.jar">
            <pgp value="f44f648ecad30325aed69bbda8538f26d55ea9a3"/>
         </artifact>
      </component>
      <component group="org.tomlj" name="tomlj" version="1.0.0">
         <artifact name="tomlj-1.0.0.jar">
            <pgp value="80f6d6b0d90c6747753344cab5a9e81b565e89e0"/>
         </artifact>
      </component>
      <component group="org.tukaani" name="xz" version="1.6">
         <artifact name="xz-1.6.jar">
            <pgp value="3690c240ce51b4670d30ad1c38ee757d69184620"/>
         </artifact>
      </component>
      <component group="org.w3c.css" name="sac" version="1.3">
         <artifact name="sac-1.3.jar">
            <sha256 value="003785669f921aafe4f137468dd20a01a36111e94fd7449f26c16e7924d82d23" origin="Verified" reason="Artifact is not signed"/>
         </artifact>
      </component>
      <component group="org.ysb33r.gradle" name="grolifant" version="0.16.1">
         <artifact name="grolifant-0.16.1.jar">
            <pgp value="ea022560a81e5bd48db3d18b54ac8e2d98cfeac6"/>
            <ignored-keys>
               <ignored-key id="ea022560a81e5bd48db3d18b54ac8e2d98cfeac6" reason="PGP verification failed"/>
            </ignored-keys>
            <sha256 value="a867e911d060a240b8aa111896b7379282fe61940dfb949e72600f7ca67cb92f" origin="Verified" reason="Difference between Maven Central and JCenter">
               <also-trust value="362c450c9738834181fdfac1147fa11cf21cefd59d7a5368756e174f93567a43"/>
            </sha256>
         </artifact>
      </component>
      <component group="software.amazon.ion" name="ion-java" version="1.0.2">
         <artifact name="ion-java-1.0.2.jar">
            <pgp value="218aca639352f40d3e49818be4fbf7179d65e94d"/>
         </artifact>
      </component>
      <component group="xalan" name="serializer" version="2.7.1">
         <artifact name="serializer-2.7.1.jar">
            <sha256 value="a15078d243d4a20b6b4e8ae2f61ed4655e352054e121aada6f7441f1ed445a3c" origin="Verified" reason="Artifact is not signed"/>
         </artifact>
      </component>
      <component group="xalan" name="xalan" version="2.7.1">
         <artifact name="xalan-2.7.1.jar">
            <sha256 value="55a2e95144acf1abe44fea91c2948525c9b1f00fcaa1d10e753e92872ffbdd1e" origin="Verified" reason="Artifact is not signed"/>
         </artifact>
      </component>
      <component group="xerces" name="xercesImpl" version="2.12.1">
         <artifact name="xercesImpl-2.12.1.jar">
            <pgp value="6cb87b18a453990eac9453f87d713008cc07e9ad"/>
         </artifact>
      </component>
      <component group="xhtmlrenderer" name="xhtmlrenderer" version="R8rc1">
         <artifact name="xhtmlrenderer-R8rc1.jar">
            <sha256 value="d7ce17af83bc04ea07a0cf1245ac7821a146833ebb69b2ca4145113c4637c05e" reason="Artifact is not signed"/>
         </artifact>
      </component>
      <component group="xml-resolver" name="xml-resolver" version="1.2">
         <artifact name="xml-resolver-1.2.jar">
            <sha256 value="47dcde8986019314ef78ae7280a94973a21d2ed95075a40a000b42da956429e1" origin="Verified" reason="Artifact is not signed"/>
         </artifact>
      </component>
      <component group="xyz.rogfam" name="littleproxy" version="2.0.5">
         <artifact name="littleproxy-2.0.5.jar">
            <pgp value="ceab6bce846fda635da5966414d16906d9482a92"/>
         </artifact>
      </component>
   </components>
</verification-metadata>
